"0","library(tidyr)"
"0","library(ggplot2)"
"0","library(dplyr)"
"0","library(tibble)"
"0","library(MASS)"
"2","
Attaching package: ‘MASS’

"
"2","The following object is masked from ‘package:dplyr’:

    select

"
"0","library(lmtest)"
"2","Loading required package: zoo
"
"2","
Attaching package: ‘zoo’

"
"2","The following objects are masked from ‘package:base’:

    as.Date, as.Date.numeric

"
"0","library(plotROC) "
"0","library(boot)"
"0","library(glmnet)"
"2","Loading required package: Matrix
"
"2","
Attaching package: ‘Matrix’

"
"2","The following objects are masked from ‘package:tidyr’:

    expand, pack, unpack

"
"2","Loaded glmnet 3.0-1

"
"0","library(sandwich)"
